Page slug,Candidate slot,Product name,Brand,Model,ASIN,Product URL,Source type,Dimensions,Capacity or fit,Cleaning notes,Storage notes,Safety or warranty notes,Evidence URL 1,Evidence URL 2,Image source plan,Best for,Skip if,Score footprint,Score cleaning,Score storage,Score use case,Evidence status,Reviewer notes
best-compact-air-fryers-small-kitchens,1,COSORI Lite 2.1-Qt Mini Air Fryer,COSORI,CAF-LI211,,https://cosori.com/products/lite-2-1-quart-mini-air-fryer,"Manufacturer product page + official manual","10.1 x 8.3 x 10.5 in including handle; 8.0 x 8.3 x 10.5 in not including handle","2.1 qt / 2.0 L; small portions for one or two people","Basket and crisper plate are dishwasher-safe; nonstick coating caution in manual","Small footprint; rear ventilation visible in product media; manual says leave 5 in behind and above","Automatic shutoff and overheat protection; 2-year limited warranty shown on product page",https://cosori.com/products/lite-2-1-quart-mini-air-fryer,https://cosori.com/cdn/shop/files/D2_01.00_M1_CAF-LI211_2022-11-29_US_en.pdf?v=12602099581590368212,Own photo or manufacturer-permitted image; PA API only after approval,Tiny counters and single-person portions,Skip if cooking for more than two people or wanting larger batch capacity,5,4,5,3,Source documented,"Official product page and manual cover dimensions, capacity, cleaning, clearance, safety, and warranty signal."
best-compact-air-fryers-small-kitchens,2,Instant Pot 4QT VORTEX Mini Air Fryer,Instant Pot,140-3221-01,,https://instantpot.com/products/instant-pot-4qt-vortex-mini-air-fryer-black,"Manufacturer product page + official manual link","10.12 in W x 10.24 in H x 12.87 in D from official product specs","4 qt; up to 4 servings per product copy","Dishwasher-safe non-stick basket","Compact counter footprint but deeper than 2-qt units; exact manual clearance still needs extraction before publication","1-year limited warranty; auto shutoff and overheat protection mentioned",https://instantpot.com/products/instant-pot-4qt-vortex-mini-air-fryer-black,https://p.widencdn.net/yf36cj/140-3221-01_140-3230-01_140-3231-01_140-3232-01_140-3233-01_VortexMini_4QT_Manual_399-1475-03US_R16_FINAL-09-12-2025_LoRes.pdf,Own photo or manufacturer-permitted image; PA API only after approval,Small households needing more capacity than mini 2-qt units,Skip if cabinet depth is very tight or a 2-qt footprint is required,4,4,3,4,Source documented,"Official page provides SKU, capacity, dimensions, cleanup, safety, warranty, and manual link."
best-compact-air-fryers-small-kitchens,3,Digital Tasti-Crisp Air Fryer 2.6QT,Dash,DCAF260,,https://bydash.com/products/digital-tasti-crisp-air-fryer-2-6qt,"Manufacturer product page + official manual","11.3 x 8.7 x 10.7 in","2.6 qt","Nonstick surface; manual has cleaning and maintenance workflow","Compact countertop appliance; 7.2 lb weight; manual says use a stable flat heat-resistant surface","Auto-off function; 1-year manufacturer warranty; PTFE disclosure",https://bydash.com/products/digital-tasti-crisp-air-fryer-2-6qt,https://bydash.com/cdn/shop/files/DCAF260_20220815_v7_DFS.pdf?v=12262461512184233198,Own photo or manufacturer-permitted image; PA API only after approval,Compact kitchens wanting slightly more than 2 qt without a large body,Skip if avoiding PTFE-coated nonstick,4,3,4,3,Source documented,"Official source gives dimensions, wattage, model, warranty, nonstick/PTFE disclosure, and manual."
best-compact-air-fryers-small-kitchens,4,Compact 2-Quart Air Fryer,Chefman,RJ38-2T,,https://chefman.com/products/compact-air-fryer-2-quart,"Manufacturer product page + official user guide","8.3 x 10 x 9.8 in / 21 x 25.4 x 24.8 cm","2 Qt / 1.89 L","Dishwasher-safe basket claim on product page; user guide covers rack/basket handling","Ultra-compact design; 5.07 lb weight; user guide says at least 6 in clearance on top and back for airflow","cETL approved; 1-year Chefman assurance; Prop 65 warning",https://chefman.com/products/compact-air-fryer-2-quart,https://cdn.shopify.com/s/files/1/0576/5755/7158/files/RJ38-2T_-_UG_-_US.pdf?v=1715282570,Own photo or manufacturer-permitted image; PA API only after approval,The smallest footprint shortlist and one-person snacks,Skip if cooking full meals for two or more people,5,4,5,3,Source documented,"Official source gives capacity, dimensions, weight, model, dishwasher-safe basket, clearance, and warranty/safety details."
best-compact-air-fryers-small-kitchens,5,Ninja 5-QT Air Fryer Pro,Ninja,AF141,,https://www.sharkninja.com/ninja-air-fryer-pro-4-in-1/AF141.html,Manufacturer product page,"14.84 in L x 11.34 in W x 10.55 in H","5 QT basket; fits up to 4 lb fries per product page","Nonstick basket and crisper plate; cleanup described as easy","Space-saver claim but larger footprint than 2-4 qt candidates; cord length 31.2 in","1-year limited warranty; 1750W; 120V",https://www.sharkninja.com/ninja-air-fryer-pro-4-in-1/AF141.html,,Own photo or manufacturer-permitted image; PA API only after approval,Readers who need more capacity but still want a space-conscious unit,Skip if the goal is the smallest possible appliance,3,4,3,5,Source documented,"Current official product page is for AF141 rather than older AF101; keep as capacity-oriented comparison candidate and pull manual/clearance before publication."
best-compact-air-fryers-small-kitchens,6,Beautiful 3-Quart Digital Air Fryer,Beautiful by Drew,"19303 / 19304 / 19305 / 19306 / 19307 / 19345 / 19346 manual variants",,https://beautifulbydrew.com/products/3qt-air-fryer,"Manufacturer product page + official manual","Official dimensions not found on product page or official manual during current pass","3 qt; manual says max recommended food capacity is 3 qt or 2.5 lb","TurboCrisp tray and basket described as dishwasher-safe; manual says top-rack dishwasher is best","Marketed for limited counter space; manual says keep at least 4 in from walls/objects and use bottom cord storage","Two-year limited warranty in manual; 90F-400F temperature range; PFOA/PFOS-free nonstick claim",https://beautifulbydrew.com/products/3qt-air-fryer,https://cdn.accentuate.io/7380039991469/1708370155803/19303_19304_19305_19306_19307_19345_19346_BTFL_WMUS_3QT-Digital-Air-Fryer_IM_R2.pdf?v=1708370155804,Own photo or manufacturer-permitted image; PA API only after approval,Style-forward compact kitchen candidate,Hold from finalist list until official dimensions are verified,,,,,Hold - dimensions missing,"Do not shortlist until dimensions are found from official manual or reliable non-Amazon source."
best-dish-drying-racks-small-kitchens,1,OXO Good Grips Foldaway Dish Rack,OXO,1473480,,https://www.oxo.com/oxo-good-grips-foldaway-dish-rack.html,Manufacturer product page,"Open: 19.4 x 15.5 x 5.125 in; closed: 19.4 x 12.5 x 3.875 in","Foldaway counter rack for plates, glasses, bowls, cookware, and utensils","Stainless-steel rack; spout for direct draining; hand-cleaning assumption needs final check","Plate rack folds down; side walls fold flat for storage","OXO Better Guarantee referenced on product page",https://www.oxo.com/oxo-good-grips-foldaway-dish-rack.html,,Own photo or manufacturer-permitted image; PA API only after approval,Folding counter rack for renters who need to store the rack after dishes dry,Skip if counter depth is under 16 in when open or sink is not near the spout direction,3,3,5,4,Source documented,"Official page gives SKU, dimensions, material, foldaway behavior, spout, and warranty link."
best-dish-drying-racks-small-kitchens,2,Compact Steel Frame Dishrack,simplehuman,KT1184DC,,https://www.simplehuman.com/products/compact-steel-frame-dishrack,"Manufacturer product page + retailer dimensions","15.5 L x 15 W x 7.5 H in from retailer product page","Compact counter rack with utensil holder, cup rack, and direct drainage","Clean all parts with warm soapy water; interior wire tray lifts out","Swivel spout lets rack drain from different counter orientations; not foldable","5-year warranty; stainless steel/plastic construction",https://www.simplehuman.com/products/compact-steel-frame-dishrack,https://www.macys.com/shop/product/simplehuman-compact-steel-frame-dish-drying-rack-with-swivel-spout-drain?ID=12779968,Own photo or manufacturer-permitted image; PA API only after approval,Premium compact countertop setup where drainage direction matters,Skip if budget is tight or the rack must fold away after every use,3,4,3,5,Source documented,"Official page covers compact positioning, drainage, warranty, and SKU; retailer page provides exact dimensions."
best-dish-drying-racks-small-kitchens,3,Extend Slim Steel Expandable Gray Dish Drainer,Joseph Joseph,6500035,,https://us.josephjoseph.com/products/extend-slim-steel-expandable-dish-drainer-gray,Manufacturer product page,"Closed: H6.3 x W9 x D12.2 in; fully extended: H6.3 x W9 x D20.5 in","Slim 9-in-wide rack that extends for extra drying depth","Wash and dry by hand; dismantles for cleaning; avoid abrasive cloths/strong chemicals","Sliding tray extends/collapses; removable cutlery pot with knife slot","2-year guarantee noted site-wide; Prop 65 disclosure",https://us.josephjoseph.com/products/extend-slim-steel-expandable-dish-drainer-gray,,Own photo or manufacturer-permitted image; PA API only after approval,Narrow counters that need occasional extra drying space,Skip if hand-wash-only cleaning is a deal breaker,5,3,5,5,Source documented,"Official page gives exact closed/extended dimensions, drainage spout, cleaning, and SKU."
best-dish-drying-racks-small-kitchens,4,Multipurpose Over-Sink Roll-Up Dish Drying Rack,Kraus,KRM-10BLACK,,https://www.kraususa.com/kraus-krm-10black-multipurpose-black-over-sink-roll-up-dish-drying-rack.html,Manufacturer product page,"20.5 x 12.75 in when fully opened","Universal over-sink roll-up rack for standard-size kitchen sinks; 85 lb capacity claim","Dishwasher-safe; food-safe BPA-free silicone coating over stainless steel","Rolls up for cabinet storage and keeps water over the sink","Heat safe up to 400F; non-slip silicone; stainless steel construction",https://www.kraususa.com/kraus-krm-10black-multipurpose-black-over-sink-roll-up-dish-drying-rack.html,,Own photo or manufacturer-permitted image; PA API only after approval,Over-sink drying when counter space is almost zero,Skip if sink opening is too narrow or you need vertical plate slots,4,5,5,4,Source documented,"Official page covers dimensions, sink fit, drainage behavior, dishwasher-safe cleaning, material, heat rating, and load claim."
best-dish-drying-racks-small-kitchens,5,UDry Over the Sink Dish Rack with Mat,Umbra,,,https://eu.umbra.com/products/udry-over-the-sink,Manufacturer product page,"51 x 57 x 17 cm / about 20.1 x 22.4 x 6.7 in","Can sit on included mat or over sink; wire arms start at 13 in and extend to fit up to 22 in sink; holds up to 16 dishes","Dish rack is top-rack dishwasher-safe; mat is machine-washable","Folds up for compact drawer or cupboard storage","BPA-free rack; made with recycled plastics; 1-year manufacturer warranty and 45-day guarantee noted",https://eu.umbra.com/products/udry-over-the-sink,,Own photo or manufacturer-permitted image; PA API only after approval,Flexible counter-or-over-sink use for renters who need storage flexibility,Skip if using only US-source availability or if a fabric mat is undesirable,4,4,5,4,Source documented,"Official Umbra source gives dimensions, sink-arm fit, storage, cleaning, material, and warranty/guarantee notes; confirm US availability before publication."
best-dish-drying-racks-small-kitchens,6,Sink Dish Drainer,Rubbermaid,2104437,,https://www.rubbermaid.com/kitchen-organization/sink-accessories/sink-dish-drainer/SAP_2104437.html,Manufacturer product page,"14.31 x 12.49 x 5.39 in","Small dish drainer with slots for up to 13 dishes and detachable silverware cup","Dishwasher-safe according to product specs","Compact in-sink or counter drainer; no integrated drain tray documented","Built-in Microban protection; BPA-free; limited warranty/satisfaction guarantee link present",https://www.rubbermaid.com/kitchen-organization/sink-accessories/sink-dish-drainer/SAP_2104437.html,,Own photo or manufacturer-permitted image; PA API only after approval,Budget small-load drying when a simple drainer is enough,Hold if official availability remains out of stock or if a drain tray is required,5,3,3,3,Hold - availability check needed,"Official page gives dimensions, capacity, material, dishwasher-safe status, and where-to-buy links; official status showed out of stock during current pass."
best-dish-drying-racks-small-kitchens,7,Wire Dish Rack - Steel,Yamazaki Home,Tower,,https://theyamazakihome.com/products/tower-wire-dish-rack,Manufacturer product page,"9.06 L x 16.54 W x 6.69 H in from official search/page snippet","Compact apartment-friendly counter rack with utensil area and removable tray","Not recommended for dishwasher; drainer tray cleaning FAQ suggests baking soda paste and optional vinegar","Self-draining rotating spout; removable tray; not foldable","Load capacity 17.6 lb from official search snippet; return policy/support page present",https://theyamazakihome.com/products/tower-wire-dish-rack,,Own photo or manufacturer-permitted image; PA API only after approval,Compact counters that need a narrow self-draining rack with a tray,Skip if dishwasher-safe cleaning or foldaway storage is required,4,3,3,4,Source documented,"Official page/snippet documents compact positioning, dimensions, drainage spout, cleaning FAQ, and dishwasher limitation."
best-small-coffee-makers-apartments,1,Mr. Coffee 5-Cup Programmable Coffee Maker 25 oz. Mini Brew,Mr. Coffee,BVMC-PC05BL2-NP,,https://www.mrcoffee.com/coffee-makers/5-cup-coffee-makers/mr.-coffee-5-cup-programmable-coffee-maker-25-oz.-mini-brew-brew-now-or-later-with-water-filtration-and-nylon/SP_304248.html,Manufacturer product page,"9.7 L x 6.4 W x 10 H in","5-cup / 25 oz mini drip brewer; practical for two 12-oz cups","Lift-and-clean filter basket; reusable nylon coffee filter; vinegar descaling recommended","24 in cord; compact 6.4 in width; reusable filter reduces paper-filter storage","2-hour auto shut-off; 1-year limited warranty",https://www.mrcoffee.com/coffee-makers/5-cup-coffee-makers/mr.-coffee-5-cup-programmable-coffee-maker-25-oz.-mini-brew-brew-now-or-later-with-water-filtration-and-nylon/SP_304248.html,,Own photo or manufacturer-permitted image; PA API only after approval,Apartment drinkers who want small drip coffee without pods,Skip if you need a removable water tank or single-mug travel-mug brewing,4,4,4,5,Source documented,"Official page gives dimensions, capacity, reusable filter, cleaning/descaling, model, cord length, and warranty."
best-small-coffee-makers-apartments,2,K-Mini Single Serve Coffee Maker,Keurig,K-Mini,,https://www.keurig.com/Home-Coffee-Makers/K-Mini%C2%AE-Single-Serve-Coffee-Maker/p/K-Mini-Coffee-Maker,"Manufacturer product page + retailer dimensions","Less than 5 in wide from Keurig; retailer specs list 11.46 x 4.49 x 12.11 in","Single-serve K-Cup brewer; 8-12 oz brew range on official product page","Pod brewer; descaling and pod-needle cleaning need manual/support extraction before publication","Slim pod brewer; one-cup reservoir workflow limits stored water but saves width","Keurig customer support and appliance registration links present",https://www.keurig.com/Home-Coffee-Makers/K-Mini%C2%AE-Single-Serve-Coffee-Maker/p/K-Mini-Coffee-Maker,https://www.walmart.com/ip/Keurig-K-Mini-Single-Serve-Coffee-Maker-Black/389238886,Own photo or manufacturer-permitted image; PA API only after approval,Smallest-width pod setup for quick solo coffee,Skip if avoiding pods or wanting a larger removable reservoir,5,3,5,4,Source documented,"Official source confirms slim fit and 8-12 oz brew range; retailer source provides exact dimensions."
best-small-coffee-makers-apartments,3,Nespresso Essenza Mini C30,Nespresso,C30,,https://www.nespresso.com/us/en/order/machines/original/essenza-mini-c30-intense-grey,"Manufacturer product page + official manual","3.3 x 12.8 x 8 in from official specs; C30 manual lists 84 x 204 x 330 mm","Original capsule espresso machine; 20.3 oz removable water tank; used capsule container holds about 5-6 capsules","Manual requires daily drip tray and capsule container cleaning; descaling cycle uses 0.6 L / 20.3 oz tank","Very narrow 3.3 in width; rear/removable tank access needs layout check","Automatic power off; limited guarantee in manual",https://www.nespresso.com/us/en/order/machines/original/essenza-mini-c30-intense-grey,https://www.nespresso.com/shared_res/manuals/essenza-mini/2018/UM_ESSENZA_MINI_EN_FNL.pdf,Own photo or manufacturer-permitted image; PA API only after approval,Narrow capsule espresso setup where counter width is the main constraint,Skip if avoiding capsules or needing large coffee mugs,5,3,4,4,Source documented,"Official specs and manual cover dimensions, tank, capsule container, cleaning/descaling, and auto-off."
best-small-coffee-makers-apartments,4,The Scoop Single-Serve Coffee Maker,Hamilton Beach,49981,,https://hamiltonbeach.com/the-scoop-single-serve-coffee-maker-49981,Manufacturer product page,"8.67 H x 6.7 W x 8.35 D in","Ground-coffee single serve; 8 oz cup in under 90 seconds or 14 oz travel mug in under 2.5 minutes","Steel mesh scoop filter included; no paper filters or pods; wide drip tray catches excess coffee","Built-in adjustable stand for standard cups and taller travel mugs","Automatic shutoff after brewing; stainless steel features",https://hamiltonbeach.com/the-scoop-single-serve-coffee-maker-49981,https://useandcares.hamiltonbeach.com/files/840231200.pdf,Own photo or manufacturer-permitted image; PA API only after approval,Pod-free single-serve coffee with small footprint and travel-mug flexibility,Skip if you want a carafe or fully enclosed removable reservoir,5,4,5,5,Source documented,"Official page provides dimensions, brew sizes, adjustable stand, mesh filter, shutoff, and manual link."
best-small-coffee-makers-apartments,5,AeroPress Original Coffee Maker,AeroPress,Original,,https://aeropress.com/products/aeropress-coffee-maker,Manufacturer product page,"5.25 H x 4.2 W in","Manual press brewer; 10 oz / 1-2 cup capacity; fits mug inner diameter 2 5/8 to 3 3/4 in","Top-rack dishwasher-safe, but simple rinse usually sufficient; standard paper micro-filters required","No electric footprint; stores in a drawer; travel-ready compact device","BPA-free; 1-year warranty; made in USA",https://aeropress.com/products/aeropress-coffee-maker,,Own photo or manufacturer-permitted image; PA API only after approval,Quiet manual brewing for apartments or no-counter coffee stations,Skip if you need automatic brewing or a full pot,5,5,5,4,Source documented,"Official page covers capacity, dimensions, cleaning, mug fit, filter size, warranty, and materials."
best-small-coffee-makers-apartments,6,Bambino Compact Espresso Machine,Breville,BES450,,https://www.breville.com/en-us/product/bes450,"Manufacturer product page + official manual","6.25 W x 13.5 D x 12 H in from Breville specs","Compact semi-automatic espresso; 47 fl oz / 1.4 L removable water tank in US manual; 54 mm portafilter","Manual covers clean/descale cycle, steam-wand cleaning, drip-tray cleaning, and says parts/accessories should not go in dishwasher","Compact espresso footprint but needs grinder, tamping space, milk jug, and cleanup workflow","Auto standby after idle period; 120V 1560W; descaling powder included",https://www.breville.com/en-us/product/bes450,https://assets.breville.com/BES450/BES450_USCM_IB_I21_FA_WEB.pdf,Own photo or manufacturer-permitted image; PA API only after approval,Compact espresso upgrade for readers willing to manage grinder and milk cleanup,Skip if you want quiet/no-mess coffee or no accessory storage,3,2,2,4,Source documented,"Official product page and manual cover dimensions, tank, included accessories, cleaning/descaling, and workflow burden."
best-small-coffee-makers-apartments,7,Mr. Coffee Mini Brew Switch Coffee Maker 5-Cup,Mr. Coffee,2211804,,https://www.mrcoffee.com/coffee-makers/5-cup-coffee-makers/mr.-coffee-mini-brew-switch-coffee-maker-5-cup-coffee-maker-black/SP_4020438.html,Manufacturer product page,"Exact dimensions not shown on official page during current pass","5-cup / 25 oz mini drip brewer; just right for two 12-oz cups","Lift-and-clean filter basket; compatible with reusable 5-cup filter sold separately","Compact design for small spaces; easy-view water window","Grab-a-Cup Auto Pause; warranty/support page linked",https://www.mrcoffee.com/coffee-makers/5-cup-coffee-makers/mr.-coffee-mini-brew-switch-coffee-maker-5-cup-coffee-maker-black/SP_4020438.html,,Own photo or manufacturer-permitted image; PA API only after approval,Budget/simple mini drip fallback candidate,Hold until exact dimensions are verified from official manual or reliable non-Amazon source,,,,,Hold - dimensions missing,"Do not shortlist until exact exterior dimensions are verified."
best-compact-rice-cookers-two-people,1,Micom Rice Cooker & Warmer 3-Cup,Zojirushi,NS-LGC05,,https://www.zojirushi.com/app/product/nslgc,"Manufacturer product page + official manual","9-1/8 W x 11-7/8 D x 7-1/2 H in","Up to 3 cups / 0.54 L raw short-grain white rice; can cook as little as 1/2 cup rice or oats","Removable steam vent cap; detachable washable inner lid; inner cooking pan and lid are hand-wash items","Compact but deeper than mini one-switch cookers; built-in handle and cord workflow need final check","cETLus listed; 120V/450W; Prop 65 warning",https://www.zojirushi.com/app/product/nslgc,https://www.zojirushi.com/servicesupport/manuals/manual_pdf/ns_lgc05_e.pdf,Own photo or manufacturer-permitted image; PA API only after approval,Two-person households wanting precise small batches and grain/oatmeal settings,Skip if budget is tight or counter depth is under 12 in,4,4,3,5,Source documented,"Official page/manual cover capacity, dimensions, low minimum batch, steam vent, washable inner lid, and electrical/safety notes."
best-compact-rice-cookers-two-people,2,Rice Cooker / Steamer 3-Cup,Zojirushi,NHS-06,,https://www.zojirushi.com/app/product/nhs,"Manufacturer product page + official manual","9-1/8 W x 7-1/2 D x 7-1/2 H in","Up to 3 cups / 0.6 L raw short-grain white rice; brown rice chart caps NHS-06 at 1-2 cups","Durable nonstick inner cooking pan; see-through glass lid with stay-cool knob","Very small footprint; simple one-switch design; no automatic keep-warm on NHS-06","UL listed; 120V/300W; made in Thailand",https://www.zojirushi.com/app/product/nhs,https://www.zojirushi.com/servicesupport/manuals/manual_pdf/nhs.pdf,Own photo or manufacturer-permitted image; PA API only after approval,Simple compact rice cooker for basic white rice and small batches,Skip if automatic keep-warm or programmable settings are required,5,3,5,4,Source documented,"Official source documents model-specific dimensions, raw-rice capacity, one-switch control, nonstick pan, and brown rice capacity chart."
best-compact-rice-cookers-two-people,3,Mini Rice Cooker,Dash,DRCM200,,https://bydash.com/products/mini-rice-cooker,"Manufacturer product page + retailer dimensions","8.5 H x 6.5 W x 6.5 D in from retailer source","Makes 2 cups fully-cooked rice; 16 oz capacity listed by retailer","Removable nonstick pot; glass lid; included rice paddle and measuring cup","Portable and easy to store; ideal for dorms/apartments; one-touch workflow","Keep Warm function; 200W; 1-year manufacturer warranty",https://bydash.com/products/mini-rice-cooker,https://www.target.com/p/dash-2-cup-electric-mini-rice-cooker-graphite/-/A-85378064,Own photo or manufacturer-permitted image; PA API only after approval,One-person portions and ultra-small storage,Skip if cooking two full rice portions or wanting a sealed hinged lid,5,4,5,3,Source documented,"Manufacturer page covers capacity, keep-warm, removable nonstick pot, and small-space use; retailer source provides exact dimensions."
best-compact-rice-cookers-two-people,4,Digital Rice & Grain Multicooker 8-Cup,Aroma,ARC-914SBD,,https://www.aromaco.com/product/digital-rice-grain-multicooker-arc-914sbd/,"Manufacturer product page + retailer dimensions","10 H x 10 W x 10 D in from retailer source","2 to 8 cups cooked rice; compact digital cooker with white and brown rice settings","Ceramic nonstick pot on manufacturer page; cleanup described as stress-free; dishwasher status needs manual/source check","Larger than 3-cup cookers but still compact; includes steamer/multicooker workflow","Automatic keep-warm; flash rice function; digital controls",https://www.aromaco.com/product/digital-rice-grain-multicooker-arc-914sbd/,https://www.bestbuy.com/product/aroma-8-cup-rice-cooker-steamer-black-silver/J72972HZQ4,Own photo or manufacturer-permitted image; PA API only after approval,Budget digital cooker when two people want leftovers or grains,Skip if smallest footprint is the priority,3,3,3,4,Source documented,"Manufacturer page covers 2-8 cup cooked range, ceramic nonstick pot, functions, and compact positioning; retailer source provides exact dimensions."
best-compact-rice-cookers-two-people,5,Go Grains 4-Cup Rice Cooker,GreenLife,,,https://www.greenlife-cookware.com/products/go-grains-rice-cooker,Manufacturer product page,"8.23 L x 7.44 W x 7.36 H in","4 cups cooked rice; presets for white rice, brown rice, quinoa, and steel cut oats","Ceramic nonstick coating described as easy to clean and free of PFAS/PFOA/lead/cadmium","Small 3.97 lb unit; 32.68 in cord length","Preset controls; corded electric; warranty/support needs final extraction",https://www.greenlife-cookware.com/products/go-grains-rice-cooker,,Own photo or manufacturer-permitted image; PA API only after approval,Two-person households wanting small cooked-rice capacity and grain presets,Skip if brand availability or warranty details cannot be confirmed before publication,5,4,4,4,Source documented,"Official page gives dimensions, weight, cord length, cooked capacity, presets, and coating/material claims."
best-compact-rice-cookers-two-people,6,3-Cup Electric Micom Rice Cooker,Cuckoo,CR-0375F,,https://www.cuckoomallusa.com/products/cr-0375f,"Manufacturer product page + retailer dimensions + official manual","7.9 H x 8.6 L x 11.5 W in from retailer source","3 cups uncooked / 6 cups cooked; 0.85 L uncooked and 1.7 L cooked on official page","Nonstick inner pot; official manual and retailer source mention removable lid/self-clean features","Compact micom cooker but 9 lb product weight; larger than Dash/GreenLife","1-year parts and labor warranty; 120V/60Hz",https://www.cuckoomallusa.com/products/cr-0375f,https://www.cuckoousastore.com/e-manual/CR-0375FW.pdf,Own photo or manufacturer-permitted image; PA API only after approval,"Compact micom cooker for rice varieties, oatmeal, and cleanup features",Skip if weight or counter depth matters more than menu flexibility,3,4,3,4,Source documented,"Official page covers capacity, warranty, voltage, and manual; retailer source adds dimensions and nonstick/removable-lid details."
best-compact-rice-cookers-two-people,7,3-Cup Micom Rice Cooker with Tacook,Tiger,JAJ-A55U,,https://tiger-corporation-us.com/wp-content/uploads/2017/06/JAJ_A55U-English.pdf,"Official manual + retailer dimensions","10.8 x 8.7 x 7.5 in from retailer source","3 cups uncooked; supplied measuring cup is about 0.18 L per official manual","Manual covers inner pan, steam cap, steam vent, and cleaning workflow","Square compact format; tacook plate/steaming workflow adds storage parts","Availability unclear; retailer source showed out of stock during current pass",https://tiger-corporation-us.com/wp-content/uploads/2017/06/JAJ_A55U-English.pdf,https://www.walmart.com/ip/Tiger-JAJ-A55U-PP-3-Cup-Uncooked-Micom-Rice-Cooker-with-Slow-Cooker-Bread-Maker-Pink/143783100,Own photo or manufacturer-permitted image; PA API only after approval,Hold candidate for small micom/tacook functionality,Hold until current US availability is confirmed from official or reliable non-Amazon source,,,,,Hold - availability check needed,"Do not shortlist until availability and current model status are verified."
best-sink-organizers-small-kitchens,1,,,,,,"Manufacturer page / retailer page / owner test / manual / public documentation",,,,,,,,"Own photo, manufacturer-permitted image, or PA API after approval; do not copy Amazon images manually.",,,,,,,Not researched,
